threads,t_sec
1,3.041066268
2,2.565776867
4,1.530688579
8,1.08370541
16,1.081131049
